circuit,computational_fidelity_mean,computational_fidelity_std,exec_time_mean,exec_time_std,experiment,network,p_c,p_d,p_e,p_ent,p_t,prefetch_time_mean,prefetch_time_std,runs,total_time_mean,total_time_std
cnt3-5_180,4.979962981352551e-20,0.0,351550.0,0.0,exp_pc,qmsn,0.04,0.8,0.8,0.000295936,0.85,1430.0,0.0,1.0,352980.0,0.0
cnt3-5_180,3.847280516958513e-20,0.0,312608.0,0.0,exp_pc,mpqn,0.04,0.8,0.8,0.000295936,0.85,1358.5,0.0,1.0,313966.5,0.0
cnt3-5_180,4.8051539265517266e-29,0.0,596244303.0,0.0,exp_pc,static_line,0.04,0.8,0.8,0.000295936,0.85,4000.0,0.0,1.0,596248303.0,0.0
cnt3-5_180,1.265828493573037e-23,0.0,5340400.0,0.0,exp_pc,static_grid,0.04,0.8,0.8,0.000295936,0.85,4000.0,0.0,1.0,5344400.0,0.0
adr4_197,1.248479392739594e-135,0.0,2741190.0,0.0,exp_pc,qmsn,0.04,0.8,0.8,0.000295936,0.85,1430.0,0.0,1.0,2742620.0,0.0
adr4_197,2.2353078408056496e-136,0.0,2544955.0,0.0,exp_pc,mpqn,0.04,0.8,0.8,0.000295936,0.85,1358.5,0.0,1.0,2546313.5,0.0
adr4_197,1.2580445031434764e-195,0.0,2413846300.0,0.0,exp_pc,static_line,0.04,0.8,0.8,0.000295936,0.85,27100.0,0.0,1.0,2413873400.0,0.0
adr4_197,5.355050806790535e-171,0.0,51399901.0,0.0,exp_pc,static_grid,0.04,0.8,0.8,0.000295936,0.85,4000.0,0.0,1.0,51403901.0,0.0
0410184_169,1.5363599277184803e-10,0.0,145300.0,0.0,exp_pc,qmsn,0.04,0.8,0.8,0.000295936,0.85,440.0,0.0,1.0,145740.0,0.0
0410184_169,1.5202497046840172e-10,0.0,132655.5,0.0,exp_pc,mpqn,0.04,0.8,0.8,0.000295936,0.85,404.0,0.0,1.0,133059.5,0.0
0410184_169,0.0,0.0,46694303.0,0.0,exp_pc,static_line,0.04,0.8,0.8,0.000295936,0.85,6000.0,0.0,1.0,46700303.0,0.0
0410184_169,5.487209073400928e-12,0.0,1909100.0,0.0,exp_pc,static_grid,0.04,0.8,0.8,0.000295936,0.85,4000.0,0.0,1.0,1913100.0,0.0
z4_268,1.0315526411689503e-121,0.0,2469050.0,0.0,exp_pc,qmsn,0.04,0.8,0.8,0.000295936,0.85,1430.0,0.0,1.0,2470480.0,0.0
z4_268,2.224557520909878e-122,0.0,2282845.5,0.0,exp_pc,mpqn,0.04,0.8,0.8,0.000295936,0.85,1358.5,0.0,1.0,2284204.0,0.0
z4_268,1.0249925058186944e-157,0.0,279231300.0,0.0,exp_pc,static_line,0.04,0.8,0.8,0.000295936,0.85,6100.0,0.0,1.0,279237400.0,0.0
z4_268,5.171421503833148e-142,0.0,17406901.0,0.0,exp_pc,static_grid,0.04,0.8,0.8,0.000295936,0.85,6100.0,0.0,1.0,17413001.0,0.0
cnt3-5_180,4.97996298135254e-20,0.0,224280.0,0.0,exp_pc,qmsn,0.08,0.8,0.8,0.001183744,0.85,440.0,0.0,1.0,224720.0,0.0
cnt3-5_180,3.847280516958519e-20,0.0,194947.0,0.0,exp_pc,mpqn,0.08,0.8,0.8,0.001183744,0.85,347.0,0.0,1.0,195294.0,0.0
cnt3-5_180,4.8051539265517266e-29,0.0,722001.0,0.0,exp_pc,static_line,0.08,0.8,0.8,0.001183744,0.85,2000.0,0.0,1.0,724001.0,0.0
cnt3-5_180,1.2658284935730378e-23,0.0,358406.0,0.0,exp_pc,static_grid,0.08,0.8,0.8,0.001183744,0.85,1000.0,0.0,1.0,359406.0,0.0
adr4_197,3.209810943405505e-135,0.0,1902440.0,0.0,exp_pc,qmsn,0.08,0.8,0.8,0.001183744,0.85,440.0,0.0,1.0,1902880.0,0.0
adr4_197,5.316459245348827e-136,0.0,1771042.5,0.0,exp_pc,mpqn,0.08,0.8,0.8,0.001183744,0.85,347.0,0.0,1.0,1771389.5,0.0
adr4_197,1.090570976677284e-195,0.0,4371201.0,0.0,exp_pc,static_line,0.08,0.8,0.8,0.001183744,0.85,4000.0,0.0,1.0,4375201.0,0.0
adr4_197,1.1109139431282051e-171,0.0,3043411.0,0.0,exp_pc,static_grid,0.08,0.8,0.8,0.001183744,0.85,3000.0,0.0,1.0,3046411.0,0.0
0410184_169,3.3707329757294473e-10,0.0,117470.0,0.0,exp_pc,qmsn,0.08,0.8,0.8,0.001183744,0.85,110.0,0.0,1.0,117580.0,0.0
0410184_169,3.1840701986343993e-10,0.0,104774.0,0.0,exp_pc,mpqn,0.08,0.8,0.8,0.001183744,0.85,108.5,0.0,1.0,104882.5,0.0
0410184_169,2.1037419900259976e-14,0.0,248104.0,0.0,exp_pc,static_line,0.08,0.8,0.8,0.001183744,0.85,1000.0,0.0,1.0,249104.0,0.0
0410184_169,1.315015341613248e-12,0.0,169004.0,0.0,exp_pc,static_grid,0.08,0.8,0.8,0.001183744,0.85,1000.0,0.0,1.0,170004.0,0.0
z4_268,1.2070844940009731e-121,0.0,1666930.0,0.0,exp_pc,qmsn,0.08,0.8,0.8,0.001183744,0.85,550.0,0.0,1.0,1667480.0,0.0
z4_268,4.8079572922455796e-122,0.0,1560671.5,0.0,exp_pc,mpqn,0.08,0.8,0.8,0.001183744,0.85,281.0,0.0,1.0,1560952.5,0.0
z4_268,1.0249925058186954e-157,0.0,3140607.0,0.0,exp_pc,static_line,0.08,0.8,0.8,0.001183744,0.85,3000.0,0.0,1.0,3143607.0,0.0
z4_268,5.171421503833148e-142,0.0,2635513.0,0.0,exp_pc,static_grid,0.08,0.8,0.8,0.001183744,0.85,3100.0,0.0,1.0,2638613.0,0.0
cnt3-5_180,4.979962981352549e-20,0.0,190400.0,0.0,exp_pc,qmsn,0.12,0.8,0.8,0.0026634240000000006,0.85,220.0,0.0,1.0,190620.0,0.0
cnt3-5_180,3.847280516958517e-20,0.0,184525.0,0.0,exp_pc,mpqn,0.12,0.8,0.8,0.0026634240000000006,0.85,160.0,0.0,1.0,184685.0,0.0
cnt3-5_180,4.8051539265517266e-29,0.0,370600.0,0.0,exp_pc,static_line,0.12,0.8,0.8,0.0026634240000000006,0.85,1000.0,0.0,1.0,371600.0,0.0
cnt3-5_180,1.2658284935730378e-23,0.0,329104.0,0.0,exp_pc,static_grid,0.12,0.8,0.8,0.0026634240000000006,0.85,1000.0,0.0,1.0,330104.0,0.0
adr4_197,3.209810943405505e-135,0.0,1696630.0,0.0,exp_pc,qmsn,0.12,0.8,0.8,0.0026634240000000006,0.85,220.0,0.0,1.0,1696850.0,0.0
adr4_197,5.316459245348798e-136,0.0,1528050.0,0.0,exp_pc,mpqn,0.12,0.8,0.8,0.0026634240000000006,0.85,160.0,0.0,1.0,1528210.0,0.0
adr4_197,1.2580445031434806e-195,0.0,2917102.0,0.0,exp_pc,static_line,0.12,0.8,0.8,0.0026634240000000006,0.85,1000.0,0.0,1.0,2918102.0,0.0
adr4_197,1.1109139431282088e-171,0.0,2819125.0,0.0,exp_pc,static_grid,0.12,0.8,0.8,0.0026634240000000006,0.85,2000.0,0.0,1.0,2821125.0,0.0
0410184_169,3.3707329757294493e-10,0.0,87770.0,0.0,exp_pc,qmsn,0.12,0.8,0.8,0.0026634240000000006,0.85,110.0,0.0,1.0,87880.0,0.0
0410184_169,3.652103022397482e-10,0.0,79491.0,0.0,exp_pc,mpqn,0.12,0.8,0.8,0.0026634240000000006,0.85,54.0,0.0,1.0,79545.0,0.0
0410184_169,3.2843208733199025e-15,0.0,166804.0,0.0,exp_pc,static_line,0.12,0.8,0.8,0.0026634240000000006,0.85,4000.0,0.0,1.0,170804.0,0.0
0410184_169,1.7771391526879383e-13,0.0,140709.0,0.0,exp_pc,static_grid,0.12,0.8,0.8,0.0026634240000000006,0.85,3000.0,0.0,1.0,143709.0,0.0
z4_268,1.9340891930648412e-121,0.0,1503030.0,0.0,exp_pc,qmsn,0.12,0.8,0.8,0.0026634240000000006,0.85,220.0,0.0,1.0,1503250.0,0.0
z4_268,5.065309146599735e-122,0.0,1329223.0,0.0,exp_pc,mpqn,0.12,0.8,0.8,0.0026634240000000006,0.85,130.5,0.0,1.0,1329353.5,0.0
z4_268,1.0249925058186954e-157,0.0,2440007.0,0.0,exp_pc,static_line,0.12,0.8,0.8,0.0026634240000000006,0.85,2000.0,0.0,1.0,2442007.0,0.0
z4_268,4.482991011965798e-142,0.0,2472316.0,0.0,exp_pc,static_grid,0.12,0.8,0.8,0.0026634240000000006,0.85,3000.0,0.0,1.0,2475316.0,0.0
cnt3-5_180,4.979962981352545e-20,0.0,182700.0,0.0,exp_pc,qmsn,0.16,0.8,0.8,0.004734976,0.85,220.0,0.0,1.0,182920.0,0.0
cnt3-5_180,3.847280516958519e-20,0.0,174758.0,0.0,exp_pc,mpqn,0.16,0.8,0.8,0.004734976,0.85,94.5,0.0,1.0,174852.5,0.0
cnt3-5_180,4.8051539265517266e-29,0.0,354601.0,0.0,exp_pc,static_line,0.16,0.8,0.8,0.004734976,0.85,1000.0,0.0,1.0,355601.0,0.0
cnt3-5_180,1.2658284935730391e-23,0.0,329008.0,0.0,exp_pc,static_grid,0.16,0.8,0.8,0.004734976,0.85,1000.0,0.0,1.0,330008.0,0.0
adr4_197,3.209810943405497e-135,0.0,1542630.0,0.0,exp_pc,qmsn,0.16,0.8,0.8,0.004734976,0.85,220.0,0.0,1.0,1542850.0,0.0
adr4_197,5.324059614670534e-136,0.0,1536593.5,0.0,exp_pc,mpqn,0.16,0.8,0.8,0.004734976,0.85,94.5,0.0,1.0,1536688.0,0.0
adr4_197,1.2598429939069366e-195,0.0,2940509.0,0.0,exp_pc,static_line,0.16,0.8,0.8,0.004734976,0.85,1000.0,0.0,1.0,2941509.0,0.0
adr4_197,1.110913943128203e-171,0.0,2793719.0,0.0,exp_pc,static_grid,0.16,0.8,0.8,0.004734976,0.85,2000.0,0.0,1.0,2795719.0,0.0
0410184_169,3.3707329757294493e-10,0.0,85020.0,0.0,exp_pc,qmsn,0.16,0.8,0.8,0.004734976,0.85,110.0,0.0,1.0,85130.0,0.0
0410184_169,3.8311319776579646e-10,0.0,92647.5,0.0,exp_pc,mpqn,0.16,0.8,0.8,0.004734976,0.85,35.0,0.0,1.0,92682.5,0.0
0410184_169,3.2843208733199005e-15,0.0,175205.0,0.0,exp_pc,static_line,0.16,0.8,0.8,0.004734976,0.85,4000.0,0.0,1.0,179205.0,0.0
0410184_169,1.7771391526879408e-13,0.0,134709.0,0.0,exp_pc,static_grid,0.16,0.8,0.8,0.004734976,0.85,3000.0,0.0,1.0,137709.0,0.0
z4_268,1.9340891930648412e-121,0.0,1385660.0,0.0,exp_pc,qmsn,0.16,0.8,0.8,0.004734976,0.85,220.0,0.0,1.0,1385880.0,0.0
z4_268,5.160258113627826e-122,0.0,1352575.5,0.0,exp_pc,mpqn,0.16,0.8,0.8,0.004734976,0.85,78.0,0.0,1.0,1352653.5,0.0
z4_268,1.024992505818698e-157,0.0,2397214.0,0.0,exp_pc,static_line,0.16,0.8,0.8,0.004734976,0.85,2000.0,0.0,1.0,2399214.0,0.0
z4_268,4.482991011965798e-142,0.0,2446212.0,0.0,exp_pc,static_grid,0.16,0.8,0.8,0.004734976,0.85,3000.0,0.0,1.0,2449212.0,0.0
cnt3-5_180,4.979962981352541e-20,0.0,187870.0,0.0,exp_pc,qmsn,0.2,0.8,0.8,0.007398400000000001,0.85,110.0,0.0,1.0,187980.0,0.0
cnt3-5_180,3.847280516958523e-20,0.0,164934.5,0.0,exp_pc,mpqn,0.2,0.8,0.8,0.007398400000000001,0.85,64.0,0.0,1.0,164998.5,0.0
cnt3-5_180,4.8051539265517266e-29,0.0,354601.0,0.0,exp_pc,static_line,0.2,0.8,0.8,0.007398400000000001,0.85,1000.0,0.0,1.0,355601.0,0.0
cnt3-5_180,1.2658284935730391e-23,0.0,328706.0,0.0,exp_pc,static_grid,0.2,0.8,0.8,0.007398400000000001,0.85,1000.0,0.0,1.0,329706.0,0.0
adr4_197,3.2098109434054944e-135,0.0,1512820.0,0.0,exp_pc,qmsn,0.2,0.8,0.8,0.007398400000000001,0.85,110.0,0.0,1.0,1512930.0,0.0
adr4_197,5.324059614670523e-136,0.0,1510182.0,0.0,exp_pc,mpqn,0.2,0.8,0.8,0.007398400000000001,0.85,64.0,0.0,1.0,1510246.0,0.0
adr4_197,1.2598429939069366e-195,0.0,2945809.0,0.0,exp_pc,static_line,0.2,0.8,0.8,0.007398400000000001,0.85,1000.0,0.0,1.0,2946809.0,0.0
adr4_197,1.110913943128203e-171,0.0,2791719.0,0.0,exp_pc,static_grid,0.2,0.8,0.8,0.007398400000000001,0.85,2000.0,0.0,1.0,2793719.0,0.0
0410184_169,2.880567616492129e-10,0.0,94700.0,0.0,exp_pc,qmsn,0.2,0.8,0.8,0.007398400000000001,0.85,110.0,0.0,1.0,94810.0,0.0
0410184_169,3.916910370304554e-10,0.0,76436.0,0.0,exp_pc,mpqn,0.2,0.8,0.8,0.007398400000000001,0.85,26.0,0.0,1.0,76462.0,0.0
0410184_169,3.2843208733199025e-15,0.0,176006.0,0.0,exp_pc,static_line,0.2,0.8,0.8,0.007398400000000001,0.85,3000.0,0.0,1.0,179006.0,0.0
0410184_169,1.3150153416132472e-12,0.0,139207.0,0.0,exp_pc,static_grid,0.2,0.8,0.8,0.007398400000000001,0.85,1000.0,0.0,1.0,140207.0,0.0
z4_268,2.263199163852524e-121,0.0,1349030.0,0.0,exp_pc,qmsn,0.2,0.8,0.8,0.007398400000000001,0.85,110.0,0.0,1.0,1349140.0,0.0
z4_268,5.112563214452687e-122,0.0,1264514.0,0.0,exp_pc,mpqn,0.2,0.8,0.8,0.007398400000000001,0.85,64.0,0.0,1.0,1264578.0,0.0
z4_268,1.024992505818698e-157,0.0,2396614.0,0.0,exp_pc,static_line,0.2,0.8,0.8,0.007398400000000001,0.85,2000.0,0.0,1.0,2398614.0,0.0
z4_268,4.482991011965798e-142,0.0,2441918.0,0.0,exp_pc,static_grid,0.2,0.8,0.8,0.007398400000000001,0.85,3000.0,0.0,1.0,2444918.0,0.0
