circuit,computational_fidelity,exec_time,experiment,n_gates,n_local_gates,n_qpus,n_qubits,n_remote_gates,network,p_c,p_d,p_e,p_ent,p_t,prefetch_time,seed,total_time
cnt3-5_180,4.979962981352551e-20,351550.0,exp_pc,485.0,270.0,16.0,16.0,215.0,qmsn,0.04,0.8,0.8,0.000295936,0.85,1430.0,7.0,352980.0
cnt3-5_180,3.847280516958513e-20,312608.0,exp_pc,485.0,270.0,16.0,16.0,215.0,mpqn,0.04,0.8,0.8,0.000295936,0.85,1358.5,7.0,313966.5
cnt3-5_180,4.8051539265517266e-29,596244303.0,exp_pc,485.0,270.0,16.0,16.0,215.0,static_line,0.04,0.8,0.8,0.000295936,0.85,4000.0,7.0,596248303.0
cnt3-5_180,1.265828493573037e-23,5340400.0,exp_pc,485.0,270.0,16.0,16.0,215.0,static_grid,0.04,0.8,0.8,0.000295936,0.85,4000.0,7.0,5344400.0
adr4_197,1.248479392739594e-135,2741190.0,exp_pc,3424.0,1926.0,13.0,13.0,1498.0,qmsn,0.04,0.8,0.8,0.000295936,0.85,1430.0,7.0,2742620.0
adr4_197,2.2353078408056496e-136,2544955.0,exp_pc,3424.0,1926.0,13.0,13.0,1498.0,mpqn,0.04,0.8,0.8,0.000295936,0.85,1358.5,7.0,2546313.5
adr4_197,1.2580445031434764e-195,2413846300.0,exp_pc,3424.0,1926.0,13.0,13.0,1498.0,static_line,0.04,0.8,0.8,0.000295936,0.85,27100.0,7.0,2413873400.0
adr4_197,5.355050806790535e-171,51399901.0,exp_pc,3424.0,1926.0,16.0,13.0,1498.0,static_grid,0.04,0.8,0.8,0.000295936,0.85,4000.0,7.0,51403901.0
0410184_169,1.5363599277184803e-10,145300.0,exp_pc,203.0,99.0,14.0,14.0,104.0,qmsn,0.04,0.8,0.8,0.000295936,0.85,440.0,7.0,145740.0
0410184_169,1.5202497046840172e-10,132655.5,exp_pc,203.0,99.0,14.0,14.0,104.0,mpqn,0.04,0.8,0.8,0.000295936,0.85,404.0,7.0,133059.5
0410184_169,0.0,46694303.0,exp_pc,203.0,99.0,14.0,14.0,104.0,static_line,0.04,0.8,0.8,0.000295936,0.85,6000.0,7.0,46700303.0
0410184_169,5.487209073400928e-12,1909100.0,exp_pc,203.0,99.0,16.0,14.0,104.0,static_grid,0.04,0.8,0.8,0.000295936,0.85,4000.0,7.0,1913100.0
z4_268,1.0315526411689503e-121,2469050.0,exp_pc,3062.0,1719.0,11.0,11.0,1343.0,qmsn,0.04,0.8,0.8,0.000295936,0.85,1430.0,7.0,2470480.0
z4_268,2.224557520909878e-122,2282845.5,exp_pc,3062.0,1719.0,11.0,11.0,1343.0,mpqn,0.04,0.8,0.8,0.000295936,0.85,1358.5,7.0,2284204.0
z4_268,1.0249925058186944e-157,279231300.0,exp_pc,3062.0,1719.0,11.0,11.0,1343.0,static_line,0.04,0.8,0.8,0.000295936,0.85,6100.0,7.0,279237400.0
z4_268,5.171421503833148e-142,17406901.0,exp_pc,3062.0,1719.0,12.0,11.0,1343.0,static_grid,0.04,0.8,0.8,0.000295936,0.85,6100.0,7.0,17413001.0
cnt3-5_180,4.97996298135254e-20,224280.0,exp_pc,485.0,270.0,16.0,16.0,215.0,qmsn,0.08,0.8,0.8,0.001183744,0.85,440.0,7.0,224720.0
cnt3-5_180,3.847280516958519e-20,194947.0,exp_pc,485.0,270.0,16.0,16.0,215.0,mpqn,0.08,0.8,0.8,0.001183744,0.85,347.0,7.0,195294.0
cnt3-5_180,4.8051539265517266e-29,722001.0,exp_pc,485.0,270.0,16.0,16.0,215.0,static_line,0.08,0.8,0.8,0.001183744,0.85,2000.0,7.0,724001.0
cnt3-5_180,1.2658284935730378e-23,358406.0,exp_pc,485.0,270.0,16.0,16.0,215.0,static_grid,0.08,0.8,0.8,0.001183744,0.85,1000.0,7.0,359406.0
adr4_197,3.209810943405505e-135,1902440.0,exp_pc,3424.0,1926.0,13.0,13.0,1498.0,qmsn,0.08,0.8,0.8,0.001183744,0.85,440.0,7.0,1902880.0
adr4_197,5.316459245348827e-136,1771042.5,exp_pc,3424.0,1926.0,13.0,13.0,1498.0,mpqn,0.08,0.8,0.8,0.001183744,0.85,347.0,7.0,1771389.5
adr4_197,1.090570976677284e-195,4371201.0,exp_pc,3424.0,1926.0,13.0,13.0,1498.0,static_line,0.08,0.8,0.8,0.001183744,0.85,4000.0,7.0,4375201.0
adr4_197,1.1109139431282051e-171,3043411.0,exp_pc,3424.0,1926.0,16.0,13.0,1498.0,static_grid,0.08,0.8,0.8,0.001183744,0.85,3000.0,7.0,3046411.0
0410184_169,3.3707329757294473e-10,117470.0,exp_pc,203.0,99.0,14.0,14.0,104.0,qmsn,0.08,0.8,0.8,0.001183744,0.85,110.0,7.0,117580.0
0410184_169,3.1840701986343993e-10,104774.0,exp_pc,203.0,99.0,14.0,14.0,104.0,mpqn,0.08,0.8,0.8,0.001183744,0.85,108.5,7.0,104882.5
0410184_169,2.1037419900259976e-14,248104.0,exp_pc,203.0,99.0,14.0,14.0,104.0,static_line,0.08,0.8,0.8,0.001183744,0.85,1000.0,7.0,249104.0
0410184_169,1.315015341613248e-12,169004.0,exp_pc,203.0,99.0,16.0,14.0,104.0,static_grid,0.08,0.8,0.8,0.001183744,0.85,1000.0,7.0,170004.0
z4_268,1.2070844940009731e-121,1666930.0,exp_pc,3062.0,1719.0,11.0,11.0,1343.0,qmsn,0.08,0.8,0.8,0.001183744,0.85,550.0,7.0,1667480.0
z4_268,4.8079572922455796e-122,1560671.5,exp_pc,3062.0,1719.0,11.0,11.0,1343.0,mpqn,0.08,0.8,0.8,0.001183744,0.85,281.0,7.0,1560952.5
z4_268,1.0249925058186954e-157,3140607.0,exp_pc,3062.0,1719.0,11.0,11.0,1343.0,static_line,0.08,0.8,0.8,0.001183744,0.85,3000.0,7.0,3143607.0
z4_268,5.171421503833148e-142,2635513.0,exp_pc,3062.0,1719.0,12.0,11.0,1343.0,static_grid,0.08,0.8,0.8,0.001183744,0.85,3100.0,7.0,2638613.0
cnt3-5_180,4.979962981352549e-20,190400.0,exp_pc,485.0,270.0,16.0,16.0,215.0,qmsn,0.12,0.8,0.8,0.0026634240000000006,0.85,220.0,7.0,190620.0
cnt3-5_180,3.847280516958517e-20,184525.0,exp_pc,485.0,270.0,16.0,16.0,215.0,mpqn,0.12,0.8,0.8,0.0026634240000000006,0.85,160.0,7.0,184685.0
cnt3-5_180,4.8051539265517266e-29,370600.0,exp_pc,485.0,270.0,16.0,16.0,215.0,static_line,0.12,0.8,0.8,0.0026634240000000006,0.85,1000.0,7.0,371600.0
cnt3-5_180,1.2658284935730378e-23,329104.0,exp_pc,485.0,270.0,16.0,16.0,215.0,static_grid,0.12,0.8,0.8,0.0026634240000000006,0.85,1000.0,7.0,330104.0
adr4_197,3.209810943405505e-135,1696630.0,exp_pc,3424.0,1926.0,13.0,13.0,1498.0,qmsn,0.12,0.8,0.8,0.0026634240000000006,0.85,220.0,7.0,1696850.0
adr4_197,5.316459245348798e-136,1528050.0,exp_pc,3424.0,1926.0,13.0,13.0,1498.0,mpqn,0.12,0.8,0.8,0.0026634240000000006,0.85,160.0,7.0,1528210.0
adr4_197,1.2580445031434806e-195,2917102.0,exp_pc,3424.0,1926.0,13.0,13.0,1498.0,static_line,0.12,0.8,0.8,0.0026634240000000006,0.85,1000.0,7.0,2918102.0
adr4_197,1.1109139431282088e-171,2819125.0,exp_pc,3424.0,1926.0,16.0,13.0,1498.0,static_grid,0.12,0.8,0.8,0.0026634240000000006,0.85,2000.0,7.0,2821125.0
0410184_169,3.3707329757294493e-10,87770.0,exp_pc,203.0,99.0,14.0,14.0,104.0,qmsn,0.12,0.8,0.8,0.0026634240000000006,0.85,110.0,7.0,87880.0
0410184_169,3.652103022397482e-10,79491.0,exp_pc,203.0,99.0,14.0,14.0,104.0,mpqn,0.12,0.8,0.8,0.0026634240000000006,0.85,54.0,7.0,79545.0
0410184_169,3.2843208733199025e-15,166804.0,exp_pc,203.0,99.0,14.0,14.0,104.0,static_line,0.12,0.8,0.8,0.0026634240000000006,0.85,4000.0,7.0,170804.0
0410184_169,1.7771391526879383e-13,140709.0,exp_pc,203.0,99.0,16.0,14.0,104.0,static_grid,0.12,0.8,0.8,0.0026634240000000006,0.85,3000.0,7.0,143709.0
z4_268,1.9340891930648412e-121,1503030.0,exp_pc,3062.0,1719.0,11.0,11.0,1343.0,qmsn,0.12,0.8,0.8,0.0026634240000000006,0.85,220.0,7.0,1503250.0
z4_268,5.065309146599735e-122,1329223.0,exp_pc,3062.0,1719.0,11.0,11.0,1343.0,mpqn,0.12,0.8,0.8,0.0026634240000000006,0.85,130.5,7.0,1329353.5
z4_268,1.0249925058186954e-157,2440007.0,exp_pc,3062.0,1719.0,11.0,11.0,1343.0,static_line,0.12,0.8,0.8,0.0026634240000000006,0.85,2000.0,7.0,2442007.0
z4_268,4.482991011965798e-142,2472316.0,exp_pc,3062.0,1719.0,12.0,11.0,1343.0,static_grid,0.12,0.8,0.8,0.0026634240000000006,0.85,3000.0,7.0,2475316.0
cnt3-5_180,4.979962981352545e-20,182700.0,exp_pc,485.0,270.0,16.0,16.0,215.0,qmsn,0.16,0.8,0.8,0.004734976,0.85,220.0,7.0,182920.0
cnt3-5_180,3.847280516958519e-20,174758.0,exp_pc,485.0,270.0,16.0,16.0,215.0,mpqn,0.16,0.8,0.8,0.004734976,0.85,94.5,7.0,174852.5
cnt3-5_180,4.8051539265517266e-29,354601.0,exp_pc,485.0,270.0,16.0,16.0,215.0,static_line,0.16,0.8,0.8,0.004734976,0.85,1000.0,7.0,355601.0
cnt3-5_180,1.2658284935730391e-23,329008.0,exp_pc,485.0,270.0,16.0,16.0,215.0,static_grid,0.16,0.8,0.8,0.004734976,0.85,1000.0,7.0,330008.0
adr4_197,3.209810943405497e-135,1542630.0,exp_pc,3424.0,1926.0,13.0,13.0,1498.0,qmsn,0.16,0.8,0.8,0.004734976,0.85,220.0,7.0,1542850.0
adr4_197,5.324059614670534e-136,1536593.5,exp_pc,3424.0,1926.0,13.0,13.0,1498.0,mpqn,0.16,0.8,0.8,0.004734976,0.85,94.5,7.0,1536688.0
adr4_197,1.2598429939069366e-195,2940509.0,exp_pc,3424.0,1926.0,13.0,13.0,1498.0,static_line,0.16,0.8,0.8,0.004734976,0.85,1000.0,7.0,2941509.0
adr4_197,1.110913943128203e-171,2793719.0,exp_pc,3424.0,1926.0,16.0,13.0,1498.0,static_grid,0.16,0.8,0.8,0.004734976,0.85,2000.0,7.0,2795719.0
0410184_169,3.3707329757294493e-10,85020.0,exp_pc,203.0,99.0,14.0,14.0,104.0,qmsn,0.16,0.8,0.8,0.004734976,0.85,110.0,7.0,85130.0
0410184_169,3.8311319776579646e-10,92647.5,exp_pc,203.0,99.0,14.0,14.0,104.0,mpqn,0.16,0.8,0.8,0.004734976,0.85,35.0,7.0,92682.5
0410184_169,3.2843208733199005e-15,175205.0,exp_pc,203.0,99.0,14.0,14.0,104.0,static_line,0.16,0.8,0.8,0.004734976,0.85,4000.0,7.0,179205.0
0410184_169,1.7771391526879408e-13,134709.0,exp_pc,203.0,99.0,16.0,14.0,104.0,static_grid,0.16,0.8,0.8,0.004734976,0.85,3000.0,7.0,137709.0
z4_268,1.9340891930648412e-121,1385660.0,exp_pc,3062.0,1719.0,11.0,11.0,1343.0,qmsn,0.16,0.8,0.8,0.004734976,0.85,220.0,7.0,1385880.0
z4_268,5.160258113627826e-122,1352575.5,exp_pc,3062.0,1719.0,11.0,11.0,1343.0,mpqn,0.16,0.8,0.8,0.004734976,0.85,78.0,7.0,1352653.5
z4_268,1.024992505818698e-157,2397214.0,exp_pc,3062.0,1719.0,11.0,11.0,1343.0,static_line,0.16,0.8,0.8,0.004734976,0.85,2000.0,7.0,2399214.0
z4_268,4.482991011965798e-142,2446212.0,exp_pc,3062.0,1719.0,12.0,11.0,1343.0,static_grid,0.16,0.8,0.8,0.004734976,0.85,3000.0,7.0,2449212.0
cnt3-5_180,4.979962981352541e-20,187870.0,exp_pc,485.0,270.0,16.0,16.0,215.0,qmsn,0.2,0.8,0.8,0.007398400000000001,0.85,110.0,7.0,187980.0
cnt3-5_180,3.847280516958523e-20,164934.5,exp_pc,485.0,270.0,16.0,16.0,215.0,mpqn,0.2,0.8,0.8,0.007398400000000001,0.85,64.0,7.0,164998.5
cnt3-5_180,4.8051539265517266e-29,354601.0,exp_pc,485.0,270.0,16.0,16.0,215.0,static_line,0.2,0.8,0.8,0.007398400000000001,0.85,1000.0,7.0,355601.0
cnt3-5_180,1.2658284935730391e-23,328706.0,exp_pc,485.0,270.0,16.0,16.0,215.0,static_grid,0.2,0.8,0.8,0.007398400000000001,0.85,1000.0,7.0,329706.0
adr4_197,3.2098109434054944e-135,1512820.0,exp_pc,3424.0,1926.0,13.0,13.0,1498.0,qmsn,0.2,0.8,0.8,0.007398400000000001,0.85,110.0,7.0,1512930.0
adr4_197,5.324059614670523e-136,1510182.0,exp_pc,3424.0,1926.0,13.0,13.0,1498.0,mpqn,0.2,0.8,0.8,0.007398400000000001,0.85,64.0,7.0,1510246.0
adr4_197,1.2598429939069366e-195,2945809.0,exp_pc,3424.0,1926.0,13.0,13.0,1498.0,static_line,0.2,0.8,0.8,0.007398400000000001,0.85,1000.0,7.0,2946809.0
adr4_197,1.110913943128203e-171,2791719.0,exp_pc,3424.0,1926.0,16.0,13.0,1498.0,static_grid,0.2,0.8,0.8,0.007398400000000001,0.85,2000.0,7.0,2793719.0
0410184_169,2.880567616492129e-10,94700.0,exp_pc,203.0,99.0,14.0,14.0,104.0,qmsn,0.2,0.8,0.8,0.007398400000000001,0.85,110.0,7.0,94810.0
0410184_169,3.916910370304554e-10,76436.0,exp_pc,203.0,99.0,14.0,14.0,104.0,mpqn,0.2,0.8,0.8,0.007398400000000001,0.85,26.0,7.0,76462.0
0410184_169,3.2843208733199025e-15,176006.0,exp_pc,203.0,99.0,14.0,14.0,104.0,static_line,0.2,0.8,0.8,0.007398400000000001,0.85,3000.0,7.0,179006.0
0410184_169,1.3150153416132472e-12,139207.0,exp_pc,203.0,99.0,16.0,14.0,104.0,static_grid,0.2,0.8,0.8,0.007398400000000001,0.85,1000.0,7.0,140207.0
z4_268,2.263199163852524e-121,1349030.0,exp_pc,3062.0,1719.0,11.0,11.0,1343.0,qmsn,0.2,0.8,0.8,0.007398400000000001,0.85,110.0,7.0,1349140.0
z4_268,5.112563214452687e-122,1264514.0,exp_pc,3062.0,1719.0,11.0,11.0,1343.0,mpqn,0.2,0.8,0.8,0.007398400000000001,0.85,64.0,7.0,1264578.0
z4_268,1.024992505818698e-157,2396614.0,exp_pc,3062.0,1719.0,11.0,11.0,1343.0,static_line,0.2,0.8,0.8,0.007398400000000001,0.85,2000.0,7.0,2398614.0
z4_268,4.482991011965798e-142,2441918.0,exp_pc,3062.0,1719.0,12.0,11.0,1343.0,static_grid,0.2,0.8,0.8,0.007398400000000001,0.85,3000.0,7.0,2444918.0
